{
  "pages": [
    //pages数组中第一项表示应用启动页，参考：https://uniapp.dcloud.io/collocation/pages
    {
      "path": "pages/login/login",
      "style": {
        "navigationBarTitleText": "登陆",
        "enablePullDownRefresh": false,
        "navigationStyle": "custom"
      }
    },
    {
      "path": "pages/test/test",
      "style": {
        "navigationBarTitleText": "test @_@",
        "enablePullDownRefresh": true
      }
    },
    {
      "path": "pages/home/index",
      "style": {
        "navigationBarTitleText": "首页",
        "navigationStyle": "custom",
        "enablePullDownRefresh": true,
        "navigationBarBackgroundColor": "#264FF7"
      }
      // "window": {
      //     "navigationBarBackgroundColor": "#1296db",
      //     "navigationBarTitleText": "UVC",
      //     "navigationBarTextStyle": "white"
      //     }
    },
    {
      "path": "pages/personCenter/index",
      "style": {
        "navigationBarTitleText": "我的",
        "navigationStyle": "custom",
        "navigationBarBackgroundColor": "#264FF7",
        "enablePullDownRefresh": true
      }
    },
    {
      "path": "pages/order/index",
      "style": {
        "navigationBarTitleText": "我的订单",
        "navigationStyle": "custom",
        "enablePullDownRefresh": true
      }
    },
    {
      "path": "pages/password/password",
      "style": {
        "navigationBarTitleText": "修改密码",
        "enablePullDownRefresh": false
      }
    },
    {
      "path": "pages/order/detail/detail",
      "style": {
        "navigationBarTitleText": "订单详情",
        "enablePullDownRefresh": true
      }
    },
    {
      "path": "pages/order/createOrder/createOrder",
      "style": {
        "navigationBarTitleText": "提交付费订单",
        "enablePullDownRefresh": true
      }
    },
    {
      "path": "components/tabbar/tabbar",
      "style": {
        "navigationBarTitleText": "",
        "enablePullDownRefresh": true
      }
    },
    {
      "path": "pages/menus/menus",
      "style": {
        "navigationBarTitleText": "菜谱",
        "enablePullDownRefresh": true,
        "navigationStyle": "custom",
        "navigationBarBackgroundColor": "#fff"
      }
    }
  ],
  "subPackages": [
    {
      "root": "homePages",
      "pages": [
        {
          "path": "pages/detail/index",
          "style": {
            "navigationBarTitleText": "设备详情",
            "enablePullDownRefresh": true,
            "navigationStyle": "custom"
          }
        },
        {
          "path": "pages/productDetail/productDetail",
          "style": {
            "navigationBarTitleText": "产品详情",
            "enablePullDownRefresh": true
          }
        },
        {
          "path": "pages/testShow/testShow",
          "style": {
            "navigationBarTitleText": "ceshi",
            "enablePullDownRefresh": true
          }
        },
        
        {
          "path": "pages/menuCategoryTable/index",
          "style": {
            "navigationBarTitleText": "",
            "enablePullDownRefresh": true
          }
        },
        {
          "path": "pages/deviceList/deviceList",
          "style": {
            "navigationBarTitleText": "设备列表",
            "enablePullDownRefresh": true
          }
        },
        {
          "path": "pages/deviceOperationDetail/deviceOperationDetail",
          "style": {
            "navigationBarTitleText": ""
          }
        },
        {
          "path": "pages/rankingOfType/rankingOfType",
          "style": {
            "navigationBarTitleText": ""
          }
        },
        {
        	"path" : "pages/cookingDataDetail/cookingDetail",
        	"style" : 
        	{
        		"navigationBarTitleText" : ""
        	}
        }
        
      ]
    },
    {
      "root":"coursePages",
      "pages":[
        {
        	"path" : "pages/help20241014/index",
        	"style" : 
        	{
        		"navigationBarTitleText" : "机器人课堂"
        	}
        }
      ]
    },
    {
      "root": "menusPages",
      "pages": [
        {
          "path": "pages/fileDetail/addFood/addFood",
          "style": {
            "navigationBarTitleText": "添加食材",
            "enablePullDownRefresh": true
          }
        },
        {
          "path": "pages/fileDetail/addFood/queryFoodName/queryFoodName",
          "style": {
            "navigationBarTitleText": "请选择",
            "enablePullDownRefresh": true
          }
        },
        {
          "path": "pages/menuDetail/menuDetail",
          "style": {
            "navigationBarTitleText": "菜谱详情",
            "enablePullDownRefresh": true
          }
        },
        {
          "path": "pages/menuDetail/rcRenameMix",
          "style": {
            "navigationBarTitleText": "修改菜谱名称"
          }
        },
        {
          "path": "pages/menuDetail/rcEdit",
          "style": {
            "navigationBarTitleText": "菜谱编辑"
          }
        },
        {
          "path": "pages/deviceInfo/deviceInfo",
          "style": {
            "navigationBarTitleText": "兼容设备型号",
            "enablePullDownRefresh": true
          }
        },
        {
          "path": "pages/originShop/originShop",
          "style": {
            "navigationBarTitleText": "研发来源",
            "enablePullDownRefresh": true
          }
        },
        //       ,
        // {
        //           "path" : "pages/menuFile/menuFile",
        //           "style" :
        //           {
        //               "navigationBarTitleText": "菜谱文件管理",
        //               "enablePullDownRefresh": false
        //           }

        //       },
        {
          "path": "pages/recordDetail/recordDetail",
          "style": {
            "navigationBarTitleText": "审核记录",
            "enablePullDownRefresh": true
          }
        },
        {
          "path": "pages/fileDetail/fileDetail",
          "style": {
            "navigationBarTitleText": "菜谱文件配方",
            "enablePullDownRefresh": true
            // "disableScroll":true
          }
        },
        {
          "path": "pages/menuDownManage/menuDownManage",
          "style": {
            "navigationBarTitleText": "菜谱下发记录",
            "enablePullDownRefresh": true
          }
        },
        {
          "path": "pages/downToDevice/downToDevice",
          "style": {
            "navigationBarTitleText": "选择设备",
            "enablePullDownRefresh": true
          }
        },
        {
          "path": "pages/chooseMenu/chooseMenu",
          "style": {
            "navigationBarTitleText": "选择菜谱(作废)",
            "enablePullDownRefresh": true
          }
        },
        {
          "path": "pages/recipeListForSendDevice/recipeListForSendDevice",
          "style": {
            "navigationBarTitleText": "菜谱下发",
            "enablePullDownRefresh": true
          }
        },
        
        {
          "path": "pages/queryMenus/queryMenus",
          "style": {
            "navigationBarTitleText": "搜索",
            "enablePullDownRefresh": true
            // "navigationStyle":"custom"
          }
        }
      ]
    }
  ],
  "tabBar": {
    "color": "#929292",
    "selectedColor": "#929292",
    "position": "bottom",
    "custom": true,
    "list": [
      {
        "pagePath": "pages/home/index",
        "text": "首页",
        // 图标不要超过 40kb &#xe88d 这个 &#xe 替换成 \ue  =》 \ue88d
        "iconPath": "static/Home.png",
        // 未选中时的图标  要使用相对路径 建议放在 /static 项目文件下面
        "selectedIconPath": "static/selectHome.png"
        // 选中时的图标
      },
      {
        "pagePath": "pages/menus/menus",
        "text": "菜谱",
        "iconPath": "static/menu.png",
        "selectedIconPath": "static/selectMenu.png"
      },
      {
        "pagePath": "pages/personCenter/index",
        "text": "我的",
        "iconPath": "static/My.png",
        "selectedIconPath": "static/selectMy.png"
      }
    ]
  },
  "globalStyle": {
    "navigationBarTextStyle": "black",
    "navigationBarTitleText": "uni-app",
    "navigationBarBackgroundColor": "#F8F8F8",
    "backgroundColor": "#F8F8F8"
  },
  "uniIdRouter": {},
  "condition": {
    //模式配置，仅开发期间生效
    "current": 0,
    //当前激活的模式(list 的索引项)
    "list": [
      {
        "name": "rmc_rc",
        "path":"/menusPages/pages/menuDetail/menuDetail",
        "query":"index=0&id=336e28e4-951d-46af-8c95-cca531ea9e80&name=5.0测试菜谱&code=20843848"
      },
      {
        "name": "test",
        "path": "/pages/test/test",
        "query": ""
      },
      {
        "name": "user_report_detail_cooktime",
        //模式名称
        "path": "/homePages/pages/cookingDataDetail/cookingDetail",
        //启动页面，必选
        "query": "org_business_id=6d918eb6-cd32-4a7c-ab38-0a05a5568e64&label=商户&title=烹饪次数"
        //启动参数，在页面的onLoad函数里面得到
      },
      {
        "name": "user_index",
        "path": "/pages/home/index",
        "query": ""
      },
      {
        "name": "recipe_search_and_send",
        "path": "/menusPages/pages/recipeListForSendDevice/recipeListForSendDevice",
        "query": ""
      },
      {
        "name": "recipe_search_and_send_raw",
        "path": "/menusPages/pages/chooseMenu/chooseMenu",
        "query": ""
      }
    ]
  }
}